query_id,query_text,status,mrr,hit_at_1,hit_at_3,hit_at_5,hit_at_10,hit_at_20,recall_at_1,recall_at_3,recall_at_5,recall_at_10,recall_at_20,ndcg_at_1,ndcg_at_3,ndcg_at_5,ndcg_at_10,ndcg_at_20,retrieval_time_ms,n_retrieved,n_generation_docs,reranked,gen_recall,gen_hit,question_type,n_expected,primary_metric_type,primary_metric_value,sec_exact_match,sec_f1_score,sec_faithfulness,graph_candidates,vector_candidates,graph_only_candidates,graph_resolved,query_keywords,expected_response,generated_response
q_1547,What was Iqbal F. Qadir on when he participated in an attack on a radar station located on western shore of the Okhamandal Peninsula?,completed,1.0,1.0,1.0,1.0,1.0,1.0,0.5,1.0,1.0,1.0,1.0,1.0,1.0,1.0,1.0,1.0,251.5,20,5,True,1.0,1.0,bridge,2,f1_score,0.6667,0.0,0.0,1.0,,,,,"{""low"": [], ""high"": []}",flotilla,a flotilla
q_2054,When did the park at which Tivolis Koncertsal is located open?,completed,1.0,1.0,1.0,1.0,1.0,1.0,0.5,1.0,1.0,1.0,1.0,1.0,1.0,1.0,1.0,1.0,74.8,20,5,True,1.0,1.0,bridge,2,f1_score,1.0,1.0,0.0,1.0,,,,,"{""low"": [], ""high"": []}",15 August 1843,15 August 1843
q_478,What is the shared country of ancestry between Art Laboe and Scout Tufankjian?,completed,1.0,1.0,1.0,1.0,1.0,1.0,0.5,1.0,1.0,1.0,1.0,1.0,1.0,1.0,1.0,1.0,63.4,20,5,True,1.0,1.0,comparison,2,accuracy,0.0,0.0,0.0,0.2,,,,,"{""low"": [], ""high"": []}",Armenian,Armenia
q_3245,The school in which the Wilmslow Show is held is designated as what?,completed,1.0,1.0,1.0,1.0,1.0,1.0,0.5,1.0,1.0,1.0,1.0,1.0,1.0,1.0,1.0,1.0,57.3,20,5,True,1.0,1.0,bridge,2,f1_score,1.0,1.0,0.0,1.0,,,,,"{""low"": [], ""high"": []}",Centre of Excellence,Centre of Excellence
q_1119,Who will Billy Howle be seen opposite in the upcoming British drama film directed by Dominic Cooke?,completed,1.0,1.0,1.0,1.0,1.0,1.0,0.5,1.0,1.0,1.0,1.0,1.0,1.0,1.0,1.0,1.0,59.4,20,5,True,1.0,1.0,bridge,2,f1_score,1.0,1.0,0.0,1.0,,,,,"{""low"": [], ""high"": []}",Saoirse Ronan,Saoirse Ronan
q_3575,"What animated movie, starring Danny Devito, featured music written and produced by Kool Kojak?",completed,1.0,1.0,1.0,1.0,1.0,1.0,0.5,0.5,0.5,0.5,0.5,1.0,0.6131,0.6131,0.6131,0.6131,78.3,20,5,True,0.5,1.0,bridge,2,f1_score,0.0,0.0,0.0,1.0,,,,,"{""low"": [], ""high"": []}",The Lorax,Curmudgeons
q_978,"Out of the actors who have played the role of Luc Deveraux in the Universal Soldier franchise, which actor has also starred in the movies Holby City, Doctor Strange, the Bourne Ultimatum and Zero Dark",completed,0.5,0.0,1.0,1.0,1.0,1.0,0.0,1.0,1.0,1.0,1.0,0.0,0.6934,0.6934,0.6934,0.6934,84.6,20,5,True,1.0,1.0,bridge,2,f1_score,1.0,1.0,0.0,1.0,,,,,"{""low"": [], ""high"": []}",Scott Adkins,Scott Adkins
q_1668,Tommy's Honour was a drama film that included the actor who found success with what 2016 BBC miniseries?,completed,1.0,1.0,1.0,1.0,1.0,1.0,0.5,1.0,1.0,1.0,1.0,1.0,1.0,1.0,1.0,1.0,93.8,20,5,True,1.0,1.0,bridge,2,f1_score,1.0,1.0,0.0,1.0,,,,,"{""low"": [], ""high"": []}",War & Peace,War & Peace
q_6149,"Which rock band chose its name by drawing it out of a hat, Switchfoot or Midnight Oil?",completed,1.0,1.0,1.0,1.0,1.0,1.0,0.5,1.0,1.0,1.0,1.0,1.0,1.0,1.0,1.0,1.0,69.7,20,5,True,1.0,1.0,comparison,2,accuracy,1.0,1.0,1.0,1.0,,,,,"{""low"": [], ""high"": []}",Midnight Oil,Midnight Oil
q_4237,"""Tunak"", is a bhangra/pop love song by an artist born in which year ?",completed,1.0,1.0,1.0,1.0,1.0,1.0,0.5,1.0,1.0,1.0,1.0,1.0,1.0,1.0,1.0,1.0,109.1,20,5,True,1.0,1.0,bridge,2,f1_score,1.0,1.0,0.0,1.0,,,,,"{""low"": [], ""high"": []}",1967,1967
q_1106,Which Captain launched the attack which led to more casualties than any other incident in the war fought between the settlers of the nascent colony of New Netherland and the native Lenape population?,completed,1.0,1.0,1.0,1.0,1.0,1.0,0.5,1.0,1.0,1.0,1.0,1.0,1.0,1.0,1.0,1.0,79.2,20,5,True,1.0,1.0,bridge,2,f1_score,0.8,0.0,0.0,1.0,,,,,"{""low"": [], ""high"": []}",Captain John Underhill,John Underhill
q_6953,In which film did Emilio Estevez star in in the same year as Nightmares,completed,1.0,1.0,1.0,1.0,1.0,1.0,0.5,1.0,1.0,1.0,1.0,1.0,1.0,1.0,1.0,1.0,85.5,20,5,True,1.0,1.0,bridge,2,f1_score,1.0,1.0,0.0,1.0,,,,,"{""low"": [], ""high"": []}",The Outsiders,The Outsiders
q_2375,What was the concept of the business Eric S .Pistorius worked for after being an attorney?,completed,1.0,1.0,1.0,1.0,1.0,1.0,0.5,0.5,0.5,0.5,0.5,1.0,0.6131,0.6131,0.6131,0.6131,53.5,20,5,True,0.5,1.0,bridge,2,f1_score,0.0,0.0,0.0,1.0,,,,,"{""low"": [], ""high"": []}",to ensure wide visibility and understanding of cases in a region,law firm
q_5129,Which port city lies approximately 25 km north of the Lingnan Fine Arts Museum?,completed,1.0,1.0,1.0,1.0,1.0,1.0,0.5,0.5,0.5,0.5,0.5,1.0,0.6131,0.6131,0.6131,0.6131,66.7,20,5,True,0.5,1.0,bridge,2,f1_score,0.0,0.0,0.0,1.0,,,,,"{""low"": [], ""high"": []}",Keelung,Zhuhai
q_4491,Has Stefan Edberg won more events than  Édouard Roger-Vasselin?,completed,1.0,1.0,1.0,1.0,1.0,1.0,0.5,1.0,1.0,1.0,1.0,1.0,1.0,1.0,1.0,1.0,94.5,20,5,True,1.0,1.0,comparison,2,accuracy,1.0,1.0,1.0,1.0,,,,,"{""low"": [], ""high"": []}",yes,yes
q_720," Jason Regler, stated that he had the idea for the flashing wristbands during a song built around which instrument ?",completed,1.0,1.0,1.0,1.0,1.0,1.0,0.5,0.5,0.5,0.5,1.0,1.0,0.6131,0.6131,0.6131,0.7527,128.0,20,5,True,1.0,1.0,bridge,2,f1_score,0.6667,0.0,0.0,1.0,,,,,"{""low"": [], ""high"": []}",an organ,organ
q_1205, The Soul of Buddha is a 1918 American silent romance film shot in a borough  that is the western terminus of what?,completed,1.0,1.0,1.0,1.0,1.0,1.0,0.5,1.0,1.0,1.0,1.0,1.0,1.0,1.0,1.0,1.0,67.1,20,5,True,1.0,1.0,bridge,2,f1_score,0.8571,0.0,0.0,1.0,,,,,"{""low"": [], ""high"": []}",the George Washington Bridge,George Washington Bridge
q_5136,"Which ""Blackzilians"" fighter is currently competing in the Middleweight division of Ultimate Fighting Championship?",completed,1.0,1.0,1.0,1.0,1.0,1.0,0.5,1.0,1.0,1.0,1.0,1.0,1.0,1.0,1.0,1.0,81.5,20,5,True,1.0,1.0,bridge,2,f1_score,0.0,0.0,0.0,1.0,,,,,"{""low"": [], ""high"": []}",Vitor Belfort,Rashad Evans
q_4151,"Were was the Mexican state after which there is Villa Unión, Sinaloa located? ",completed,1.0,1.0,1.0,1.0,1.0,1.0,0.5,0.5,1.0,1.0,1.0,1.0,0.6131,0.8503,0.8503,0.8503,54.6,20,5,True,0.5,1.0,bridge,2,f1_score,0.0,0.0,0.0,1.0,,,,,"{""low"": [], ""high"": []}",tip of the Baja California,Sinaloa
q_4456,"What language, traditionally written with the ancient Libyco-Berber script, is closely related to the Tumzabt and Teggargrent languages?",completed,1.0,1.0,1.0,1.0,1.0,1.0,0.5,1.0,1.0,1.0,1.0,1.0,1.0,1.0,1.0,1.0,103.7,20,5,True,1.0,1.0,bridge,2,f1_score,0.8,0.0,0.0,1.0,,,,,"{""low"": [], ""high"": []}",The Tugurt language,Tugurt language
q_6054,Who is the fictional head of a British Secret Service division and for which a one-time missionary was the inspiration for?,completed,1.0,1.0,1.0,1.0,1.0,1.0,0.5,1.0,1.0,1.0,1.0,1.0,1.0,1.0,1.0,1.0,110.3,20,5,True,1.0,1.0,bridge,2,f1_score,1.0,1.0,0.0,1.0,,,,,"{""low"": [], ""high"": []}",Q,Q
q_7110,Phillip Pullman's book set in a parallel universe featuring a character named Lyra Belacqua was put into audio in what year?,completed,1.0,1.0,1.0,1.0,1.0,1.0,0.5,1.0,1.0,1.0,1.0,1.0,1.0,1.0,1.0,1.0,82.3,20,5,True,1.0,1.0,bridge,2,f1_score,1.0,1.0,0.0,1.0,,,,,"{""low"": [], ""high"": []}",2002,2002
q_4166,Who directed the second film in a British series of action comedy film parodying the James Bond secret agent genre with comedy similar to Rowan Atkinson's Mr. Bean character?,completed,1.0,1.0,1.0,1.0,1.0,1.0,0.5,1.0,1.0,1.0,1.0,1.0,1.0,1.0,1.0,1.0,136.2,20,5,True,1.0,1.0,bridge,2,f1_score,1.0,1.0,0.0,1.0,,,,,"{""low"": [], ""high"": []}",Oliver Parker,Oliver Parker
q_1564,George Gershwin is an American Composer and Judith Weir is a composer from which country?,completed,1.0,1.0,1.0,1.0,1.0,1.0,0.5,1.0,1.0,1.0,1.0,1.0,1.0,1.0,1.0,1.0,64.2,20,5,True,1.0,1.0,comparison,2,accuracy,0.0,0.0,0.5,1.0,,,,,"{""low"": [], ""high"": []}",a British composer,British
q_6694,What Was the name of Juan Manuel Márquez's  WBO champion holding younger brother?,completed,1.0,1.0,1.0,1.0,1.0,1.0,0.5,1.0,1.0,1.0,1.0,1.0,1.0,1.0,1.0,1.0,83.2,20,5,True,1.0,1.0,bridge,2,f1_score,1.0,1.0,0.0,1.0,,,,,"{""low"": [], ""high"": []}",Rafael Márquez,Rafael Márquez
q_3802,The Running Man Brothers is a South Korean pop duo. Kim Jong-kook is one member and he is from what country?,completed,1.0,1.0,1.0,1.0,1.0,1.0,0.5,1.0,1.0,1.0,1.0,1.0,1.0,1.0,1.0,1.0,84.2,20,5,True,1.0,1.0,bridge,2,f1_score,1.0,1.0,0.0,0.9,,,,,"{""low"": [], ""high"": []}",South Korea,South Korea
q_7043,Ruddles Brewery is owned by a pub retailer and brewer based in what city?,completed,1.0,1.0,1.0,1.0,1.0,1.0,0.5,1.0,1.0,1.0,1.0,1.0,1.0,1.0,1.0,1.0,59.6,20,5,True,1.0,1.0,bridge,2,f1_score,1.0,1.0,0.0,1.0,,,,,"{""low"": [], ""high"": []}",Bury St Edmunds,Bury St Edmunds
q_4109,The creator of the Lisa Simpson character was born in what year?,completed,1.0,1.0,1.0,1.0,1.0,1.0,0.5,1.0,1.0,1.0,1.0,1.0,1.0,1.0,1.0,1.0,80.7,20,5,True,1.0,1.0,bridge,2,f1_score,1.0,1.0,0.0,1.0,,,,,"{""low"": [], ""high"": []}",1954,1954
q_4368,Where is the international airport which Eagle Aviation wet lease operations were based in located ,completed,1.0,1.0,1.0,1.0,1.0,1.0,0.5,0.5,0.5,0.5,0.5,1.0,0.6131,0.6131,0.6131,0.6131,68.5,20,5,True,0.5,1.0,bridge,2,f1_score,0.6667,0.0,0.0,1.0,,,,,"{""low"": [], ""high"": []}",France.,"Paris, France"
q_150,What occupation was shared by David Yates and Pietro Germi?,completed,1.0,1.0,1.0,1.0,1.0,1.0,0.5,1.0,1.0,1.0,1.0,1.0,1.0,1.0,1.0,1.0,71.9,20,5,True,1.0,1.0,comparison,2,accuracy,1.0,1.0,1.0,1.0,,,,,"{""low"": [], ""high"": []}",director,director
q_6058,Who sang lead vocals on the Oasis hit single which had an acoustic debut in drummer Tony McCarroll's last concert ? ,completed,1.0,1.0,1.0,1.0,1.0,1.0,0.5,1.0,1.0,1.0,1.0,1.0,1.0,1.0,1.0,1.0,85.1,20,5,True,1.0,1.0,bridge,2,f1_score,1.0,1.0,0.0,1.0,,,,,"{""low"": [], ""high"": []}",Noel Gallagher,Noel Gallagher
q_1653,"St. John's College, Belize offers an education in a tradition in which what three subjects were the core?",completed,1.0,1.0,1.0,1.0,1.0,1.0,0.5,1.0,1.0,1.0,1.0,1.0,1.0,1.0,1.0,1.0,118.0,20,5,True,1.0,1.0,bridge,2,f1_score,0.8571,0.0,0.0,1.0,,,,,"{""low"": [], ""high"": []}","Grammar, logic, and rhetoric","Grammar, Logic, Rhetoric"
q_4619,Robert Earl Holding owned an oil company that was originally founded by who?,completed,1.0,1.0,1.0,1.0,1.0,1.0,0.5,1.0,1.0,1.0,1.0,1.0,1.0,1.0,1.0,1.0,68.6,20,5,True,1.0,1.0,bridge,2,f1_score,0.8,0.0,0.0,1.0,,,,,"{""low"": [], ""high"": []}",Harry F. Sinclair,Harry Sinclair
q_2179,"What instrument does Duff McKagan play on Macy Gray's single, Kissed It?",completed,1.0,1.0,1.0,1.0,1.0,1.0,0.5,0.5,0.5,1.0,1.0,1.0,0.6131,0.6131,0.8175,0.8175,73.9,20,5,True,1.0,1.0,bridge,2,f1_score,1.0,1.0,0.0,1.0,,,,,"{""low"": [], ""high"": []}",bass,bass
q_6444,Which American popular music and country music singer recorded J. D. Souther song ,completed,1.0,1.0,1.0,1.0,1.0,1.0,0.5,1.0,1.0,1.0,1.0,1.0,0.9197,0.9197,0.9197,0.9197,95.3,20,5,True,1.0,1.0,bridge,2,f1_score,0.8,0.0,0.0,1.0,,,,,"{""low"": [], ""high"": []}",Linda Maria Ronstadt,Linda Ronstadt
q_3882,In which six Western European territories have Celtic languages or cultural traits survived?,completed,1.0,1.0,1.0,1.0,1.0,1.0,0.5,0.5,1.0,1.0,1.0,1.0,0.6131,0.8772,0.8772,0.8772,82.0,20,5,True,1.0,1.0,bridge,2,f1_score,0.9412,0.0,0.0,1.0,,,,,"{""low"": [], ""high"": []}","Brittany, Cornwall, Ireland, Isle of Man, Scotland and Wales.","Brittany, Cornwall, Ireland, Isle of Man, Scotland, Wales"
q_2951,Who is known for composing  American Beauty: Original Motion Picture Score and many other film scores?,completed,1.0,1.0,1.0,1.0,1.0,1.0,0.5,1.0,1.0,1.0,1.0,1.0,1.0,1.0,1.0,1.0,66.9,20,5,True,1.0,1.0,bridge,2,f1_score,0.8,0.0,0.0,1.0,,,,,"{""low"": [], ""high"": []}",Thomas Montgomery Newman,Thomas Newman
q_224,What film was written and directed by Joby Harold with music written by Samuel Sim?,completed,1.0,1.0,1.0,1.0,1.0,1.0,0.5,0.5,0.5,1.0,1.0,1.0,0.6131,0.6131,0.8316,0.8316,54.7,20,5,True,1.0,1.0,bridge,2,f1_score,1.0,1.0,0.0,1.0,,,,,"{""low"": [], ""high"": []}",Awake,Awake
q_902,"What group did Carlene LeFevre and Rich LeFevre form in Brooklyn, New York City?",completed,0.05,0.0,0.0,0.0,0.0,1.0,0.0,0.0,0.0,0.0,0.5,0.0,0.0,0.0,0.0,0.1396,67.2,20,5,True,0.5,1.0,bridge,2,f1_score,0.0,0.0,0.0,0.2,24,20,24,24,"{""low"": [""Carlene LeFevre"", ""Rich LeFevre"", ""Brooklyn"", ""New York City""], ""high"": [""group formation"", ""music collaboration""]}","the ""First Family of Competitive Eating""",none
q_1009,"Michaël Llodra of France, called ""the best volleyer on tour"", defeated Juan Martín del Potro a professional of what nationality?",completed,1.0,1.0,1.0,1.0,1.0,1.0,0.5,1.0,1.0,1.0,1.0,1.0,1.0,1.0,1.0,1.0,130.4,20,5,True,1.0,1.0,bridge,2,f1_score,1.0,1.0,0.0,1.0,,,,,"{""low"": [], ""high"": []}",Argentinian,Argentinian
q_6856,What company produced the 1978 movie based on a book written by a radio playwright and children's book author born in 1900?,completed,1.0,1.0,1.0,1.0,1.0,1.0,0.5,0.5,1.0,1.0,1.0,1.0,0.6131,0.8503,0.8503,0.8503,52.1,20,5,True,1.0,1.0,bridge,2,f1_score,1.0,1.0,0.0,1.0,,,,,"{""low"": [], ""high"": []}",Walt Disney Productions,Walt Disney Productions
q_7251,How many students were enrolled in American professional bowler Chris Barnes' high school in the 2010-2011 school year?,completed,1.0,1.0,1.0,1.0,1.0,1.0,0.5,1.0,1.0,1.0,1.0,1.0,1.0,1.0,1.0,1.0,94.9,20,5,True,1.0,1.0,bridge,2,f1_score,0.6667,0.0,0.0,1.0,,,,,"{""low"": [], ""high"": []}","1,840 students",1840
q_654,"Which canal, Miami Canal or Dundee Canal, also supplies hydro-power and water for manufacturing?",completed,0.0526,0.0,0.0,0.0,0.0,1.0,0.0,0.0,0.0,0.0,1.0,0.0,0.0,0.0,0.0,0.2815,81.6,20,5,True,1.0,1.0,comparison,2,accuracy,1.0,1.0,1.0,1.0,1,20,1,1,"{""low"": [""Miami Canal"", ""Dundee Canal""], ""high"": [""hydro-power"", ""manufacturing water supply""]}",Dundee Canal,Dundee Canal
q_6395,What is the middle name of the singer who recorded Would You Like to Take a Walk? with Louis Armstrong in 1951,completed,1.0,1.0,1.0,1.0,1.0,1.0,0.5,0.5,1.0,1.0,1.0,1.0,0.6131,0.8503,0.8503,0.8503,95.5,20,5,True,1.0,1.0,bridge,2,f1_score,1.0,1.0,0.0,0.1,,,,,"{""low"": [], ""high"": []}",Jane,Jane
q_1979,What was Richard Connell's best known work The Hounds of Zaroff also published as?,completed,1.0,1.0,1.0,1.0,1.0,1.0,0.5,1.0,1.0,1.0,1.0,1.0,1.0,1.0,1.0,1.0,64.2,20,5,True,1.0,1.0,bridge,2,f1_score,1.0,1.0,0.0,1.0,,,,,"{""low"": [], ""high"": []}",The Most Dangerous Game,The Most Dangerous Game
q_2395,The Stone Book series is set in what country? ,completed,0.05,0.0,0.0,0.0,0.0,1.0,0.0,0.0,0.0,0.0,0.5,0.0,0.0,0.0,0.0,0.1396,51.4,20,5,True,0.5,1.0,bridge,2,f1_score,0.5,0.0,0.0,0.0,6,20,6,6,"{""low"": [""The Stone Book series""], ""high"": [""setting"", ""origin""]}",North West England,England
q_3048,Are both Jonathan Marray and Wayne Black British?,completed,1.0,1.0,1.0,1.0,1.0,1.0,0.5,1.0,1.0,1.0,1.0,1.0,1.0,1.0,1.0,1.0,58.6,20,5,True,1.0,1.0,comparison,2,accuracy,1.0,1.0,1.0,0.2,,,,,"{""low"": [], ""high"": []}",no,no
q_4120,Sporobolus and Zea are in the same what?,completed,1.0,1.0,1.0,1.0,1.0,1.0,0.5,0.5,0.5,0.5,1.0,1.0,0.6131,0.6131,0.6131,0.7527,82.0,20,5,True,1.0,1.0,comparison,2,accuracy,1.0,1.0,1.0,1.0,10,20,9,9,"{""low"": [""Sporobolus"", ""Zea""], ""high"": [""taxonomic classification"", ""botanical relationship""]}",family,family
q_5848,Are Mick Jagger and Brett Scallions both musicians?,completed,0.0526,0.0,0.0,0.0,0.0,1.0,0.0,0.0,0.0,0.0,1.0,0.0,0.0,0.0,0.0,0.2815,64.8,20,5,True,1.0,1.0,comparison,2,accuracy,1.0,1.0,1.0,0.1,5,20,4,4,"{""low"": [""Mick Jagger"", ""Brett Scallions""], ""high"": [""musician""]}",yes,yes
q_2923,"When did Senator Ted Kennedy helped dedicate a new room at the location to his maternal grandfather, John F. Fitzgerald.",completed,0.0526,0.0,0.0,0.0,0.0,1.0,0.0,0.0,0.0,0.0,1.0,0.0,0.0,0.0,0.0,0.2815,77.2,20,5,True,1.0,1.0,bridge,2,f1_score,0.3333,0.0,0.0,1.0,26,20,26,26,"{""low"": [""Senator Ted Kennedy"", ""John F. Fitzgerald""], ""high"": [""political legacy"", ""family heritage""]}",St. Patrick's Day in 1988,1988
q_4913,Which 8-year old star of an epistolary novel turned musical by Alice Walker also voiced Frankie Greene in a Disney series?,completed,1.0,1.0,1.0,1.0,1.0,1.0,0.5,1.0,1.0,1.0,1.0,1.0,1.0,1.0,1.0,1.0,85.1,20,5,True,1.0,1.0,bridge,2,f1_score,1.0,1.0,0.0,1.0,,,,,"{""low"": [], ""high"": []}",Diamond White,Diamond White
q_6818,"Which music group has the most members, DC Talk, or Manchester Orchestra?",completed,0.0526,0.0,0.0,0.0,0.0,1.0,0.0,0.0,0.0,0.0,1.0,0.0,0.0,0.0,0.0,0.2815,62.3,20,5,True,1.0,1.0,comparison,2,accuracy,1.0,1.0,1.0,1.0,40,20,39,39,"{""low"": [""DC Talk"", ""Manchester Orchestra""], ""high"": [""group size comparison"", ""music group member count""]}",Manchester Orchestra,Manchester Orchestra
q_680,Orlando Brown is best known for his role as 3J Winslow in an American sitcom that was a spin-off of what?,completed,1.0,1.0,1.0,1.0,1.0,1.0,0.5,1.0,1.0,1.0,1.0,1.0,1.0,1.0,1.0,1.0,71.4,20,5,True,1.0,1.0,bridge,2,f1_score,1.0,1.0,0.0,1.0,,,,,"{""low"": [], ""high"": []}",Perfect Strangers,Perfect Strangers
q_37,"The Livesey Hal War Memorial commemorates the fallen of which war, that had over 60 million casualties?",completed,1.0,1.0,1.0,1.0,1.0,1.0,0.5,1.0,1.0,1.0,1.0,1.0,1.0,1.0,1.0,1.0,166.0,20,5,True,1.0,1.0,bridge,2,f1_score,1.0,1.0,0.0,1.0,,,,,"{""low"": [], ""high"": []}",World War II,World War II
q_3201,"Where was the air-cooled version of a weapon system used on the HMAS ""Narani"" found?",completed,1.0,1.0,1.0,1.0,1.0,1.0,0.5,0.5,1.0,1.0,1.0,1.0,0.6131,0.8772,0.8772,0.8772,110.6,20,5,True,1.0,1.0,bridge,2,f1_score,0.9091,0.0,0.0,0.1,,,,,"{""low"": [], ""high"": []}",World War I fighter aircraft.,Allied World War I fighter aircraft
q_6650,"BMW X5 is a mid-size version that was produced alongside which newer model, produced in 2009?",completed,0.3333,0.0,1.0,1.0,1.0,1.0,0.0,0.5,1.0,1.0,1.0,0.0,0.3066,0.5706,0.5706,0.5706,84.5,20,5,True,1.0,1.0,bridge,2,f1_score,1.0,1.0,0.0,1.0,,,,,"{""low"": [], ""high"": []}",BMW X6,BMW X6
q_1606,Did Minersville School District v. Gobitis and Gravel v. United States occur in the same decade?,completed,1.0,1.0,1.0,1.0,1.0,1.0,0.5,1.0,1.0,1.0,1.0,1.0,1.0,1.0,1.0,1.0,79.0,20,5,True,1.0,1.0,comparison,2,accuracy,1.0,1.0,1.0,0.2,,,,,"{""low"": [], ""high"": []}",no,no
q_6481,Yakuza Kiwami is a remake of the first video game in what video game series that is an open world action-adventure beat 'em up video game franchise?,completed,1.0,1.0,1.0,1.0,1.0,1.0,0.5,1.0,1.0,1.0,1.0,1.0,1.0,1.0,1.0,1.0,120.2,20,5,True,1.0,1.0,bridge,2,f1_score,1.0,1.0,0.0,1.0,,,,,"{""low"": [], ""high"": []}",Yakuza,Yakuza
q_6982, The 1919 Mississippi gubernatorial election Incumbent Democrat was a master of what?,completed,1.0,1.0,1.0,1.0,1.0,1.0,0.5,0.5,1.0,1.0,1.0,1.0,0.6131,0.8503,0.8503,0.8503,90.8,20,5,True,1.0,1.0,bridge,2,f1_score,1.0,1.0,0.0,1.0,,,,,"{""low"": [], ""high"": []}",filibuster,filibuster
q_4536,"Are both genera Silphium and Heliotropium, genera of flowering plants ?",completed,0.0526,0.0,0.0,0.0,0.0,1.0,0.0,0.0,0.0,0.0,1.0,0.0,0.0,0.0,0.0,0.2815,75.4,20,5,True,1.0,1.0,comparison,2,accuracy,1.0,1.0,1.0,0.2,9,20,7,7,"{""low"": [""Silphium"", ""Heliotropium""], ""high"": [""flowering plants"", ""genera""]}",yes,yes
q_5693,Mexican Indignados Movement is a response to a war also known as?,completed,1.0,1.0,1.0,1.0,1.0,1.0,0.5,1.0,1.0,1.0,1.0,1.0,1.0,1.0,1.0,1.0,104.0,20,5,True,1.0,1.0,bridge,2,f1_score,0.5714,0.0,0.0,1.0,,,,,"{""low"": [], ""high"": []}",Mexican War on Drugs,Mexican Drug War
q_4568,Are Harry Everett Smith and Vladimir Danilevich both from Russia?,completed,1.0,1.0,1.0,1.0,1.0,1.0,0.5,1.0,1.0,1.0,1.0,1.0,1.0,1.0,1.0,1.0,119.2,20,5,True,1.0,1.0,comparison,2,accuracy,1.0,1.0,1.0,0.2,,,,,"{""low"": [], ""high"": []}",no,no
q_4128,"Robert Allen ""Bob"" Case is best known for inspiring the naming of which initial area of low pressure developed off Atlantic Canada on October 29? ",completed,1.0,1.0,1.0,1.0,1.0,1.0,0.5,1.0,1.0,1.0,1.0,1.0,1.0,1.0,1.0,1.0,104.6,20,5,True,1.0,1.0,bridge,2,f1_score,0.6667,0.0,0.0,1.0,,,,,"{""low"": [], ""high"": []}",1991 Perfect Storm,the Perfect Storm
q_3340,What film adaptation do both Jerome Bernard and Ira Lewis have in common?,completed,0.0526,0.0,0.0,0.0,0.0,1.0,0.0,0.0,0.0,0.0,1.0,0.0,0.0,0.0,0.0,0.2815,98.5,20,5,True,1.0,1.0,bridge,2,f1_score,1.0,1.0,0.0,1.0,40,20,40,40,"{""low"": [""Jerome Bernard"", ""Ira Lewis""], ""high"": [""film adaptation"", ""shared work""]}",Chinese Coffee,Chinese Coffee
q_7365,"Who has more scope of profession, Bob Fosse or Angelina Jolie?",completed,0.0526,0.0,0.0,0.0,0.0,1.0,0.0,0.0,0.0,0.0,1.0,0.0,0.0,0.0,0.0,0.2815,73.5,20,5,True,1.0,1.0,comparison,2,accuracy,0.0,0.0,0.4,1.0,12,20,12,12,"{""low"": [""Bob Fosse"", ""Angelina Jolie""], ""high"": [""profession"", ""career""]}",Robert Louis Fosse,Bob Fosse
q_6623,What bitcoin start up featured Erik Voorhees as Director of Marketing?,completed,1.0,1.0,1.0,1.0,1.0,1.0,0.5,1.0,1.0,1.0,1.0,1.0,0.9197,0.9197,0.9197,0.9197,58.6,20,5,True,1.0,1.0,bridge,2,f1_score,1.0,1.0,0.0,1.0,,,,,"{""low"": [], ""high"": []}",BitInstant,BitInstant
q_2667,"What is the birth name of the disc jockey that notably used Mark Wirtz's song ""A Touch of Velvet, A Sting of Brass"" on their Radio Caroline show?",completed,1.0,1.0,1.0,1.0,1.0,1.0,0.5,1.0,1.0,1.0,1.0,1.0,0.9197,0.9197,0.9197,0.9197,111.5,20,5,True,1.0,1.0,bridge,2,f1_score,1.0,1.0,0.0,1.0,,,,,"{""low"": [], ""high"": []}",David Patrick Griffin,David Patrick Griffin
q_2980,Who did Neleus of Scepsis study under in addition to Theophrastus in the Peripatetic school?,completed,1.0,1.0,1.0,1.0,1.0,1.0,0.5,1.0,1.0,1.0,1.0,1.0,0.9197,0.9197,0.9197,0.9197,89.8,20,5,True,1.0,1.0,bridge,2,f1_score,1.0,1.0,0.0,1.0,,,,,"{""low"": [], ""high"": []}",Aristotle,Aristotle
q_1833,In what basketball position does the brother of Saulius Kuzminskas play?,completed,1.0,1.0,1.0,1.0,1.0,1.0,0.5,1.0,1.0,1.0,1.0,1.0,1.0,1.0,1.0,1.0,53.6,20,5,True,1.0,1.0,bridge,2,f1_score,1.0,1.0,0.0,1.0,,,,,"{""low"": [], ""high"": []}",small forward,small forward
q_6508,Which gaming console was both Yakuza Kiwami and Yakuza 0 released on?,completed,1.0,1.0,1.0,1.0,1.0,1.0,0.5,1.0,1.0,1.0,1.0,1.0,1.0,1.0,1.0,1.0,95.4,20,5,True,1.0,1.0,bridge,2,f1_score,0.6667,0.0,0.0,1.0,,,,,"{""low"": [], ""high"": []}",PlayStation 4,PlayStation
q_4032,Which film was released first out of The Hunchback of Notre Dame and Miracle of the White Stallions?,completed,1.0,1.0,1.0,1.0,1.0,1.0,0.5,1.0,1.0,1.0,1.0,1.0,1.0,1.0,1.0,1.0,58.2,20,5,True,1.0,1.0,comparison,2,accuracy,1.0,1.0,1.0,1.0,,,,,"{""low"": [], ""high"": []}",Miracle of the White Stallions,Miracle of the White Stallions
q_6771,"What was built near the residential neighborhood of Ramsay, Calgary in 1983?",completed,1.0,1.0,1.0,1.0,1.0,1.0,0.5,1.0,1.0,1.0,1.0,1.0,1.0,1.0,1.0,1.0,91.6,20,5,True,1.0,1.0,bridge,2,f1_score,1.0,1.0,0.0,1.0,,,,,"{""low"": [], ""high"": []}",Scotiabank Saddledome,Scotiabank Saddledome
q_5203,Tommy Swerdlow co-wrote the screenplay of what film directed by Jon Turteltaub?,completed,1.0,1.0,1.0,1.0,1.0,1.0,0.5,0.5,1.0,1.0,1.0,1.0,0.6131,0.8772,0.8772,0.8772,73.3,20,5,True,0.5,1.0,bridge,2,f1_score,1.0,1.0,0.0,1.0,,,,,"{""low"": [], ""high"": []}",Cool Runnings,Cool Runnings
q_6280,Of what county is the city 7 miles east of Trace State Park the seat?,completed,1.0,1.0,1.0,1.0,1.0,1.0,0.5,1.0,1.0,1.0,1.0,1.0,1.0,1.0,1.0,1.0,59.3,20,5,True,1.0,1.0,bridge,2,f1_score,0.8,0.0,0.0,1.0,,,,,"{""low"": [], ""high"": []}","Lee County, Mississippi",Lee County
q_176,"Works by Hanna Leena Kristiina Varis are part of a collection in a museum that houses approximately 65,000 what?",completed,1.0,1.0,1.0,1.0,1.0,1.0,0.5,1.0,1.0,1.0,1.0,1.0,0.9197,0.9197,0.9197,0.9197,80.1,20,5,True,1.0,1.0,bridge,2,f1_score,1.0,1.0,0.0,1.0,,,,,"{""low"": [], ""high"": []}",drawings,drawings
q_1712,"Jennifer Gordon received a bachelor of arts degree from which women's liberal arts college in Cambridge, Massachusetts, and functioned as a female coordinate institution for the all-male Harvard Colle",completed,1.0,1.0,1.0,1.0,1.0,1.0,0.5,1.0,1.0,1.0,1.0,1.0,1.0,1.0,1.0,1.0,88.2,20,5,True,1.0,1.0,bridge,2,f1_score,1.0,1.0,0.0,1.0,,,,,"{""low"": [], ""high"": []}",Radcliffe College,Radcliffe College
q_3388,In which U.S. state are MedStar Georgetown University Hospital and Providence Hospital?,completed,1.0,1.0,1.0,1.0,1.0,1.0,0.5,1.0,1.0,1.0,1.0,1.0,1.0,1.0,1.0,1.0,88.9,20,5,True,1.0,1.0,comparison,2,accuracy,0.0,0.0,0.0,0.2,,,,,"{""low"": [], ""high"": []}",District of Columbia,DC
q_2543,"The subject of McGinniss' 1983 book ""Fatal Vision"" was convicted of murder in what year?",completed,0.3333,0.0,1.0,1.0,1.0,1.0,0.0,0.5,1.0,1.0,1.0,0.0,0.3066,0.5706,0.5706,0.5706,63.8,20,5,True,1.0,1.0,bridge,2,f1_score,1.0,1.0,0.0,1.0,,,,,"{""low"": [], ""high"": []}",1979,1979
q_2893,"Which American Director doubled as a choreographer also, Stanley Kubrick or Kenny Ortega?",completed,1.0,1.0,1.0,1.0,1.0,1.0,0.5,1.0,1.0,1.0,1.0,1.0,1.0,1.0,1.0,1.0,56.8,20,5,True,1.0,1.0,comparison,2,accuracy,0.0,0.0,0.2353,1.0,,,,,"{""low"": [], ""high"": []}","Kenneth John ""Kenny"" Ortega (born April 18, 1950) is an American producer, director, and choreographer.",Kenny Ortega
q_6613,Lou Pai is a former executive of an energy company that went bankrupt in what year?,completed,1.0,1.0,1.0,1.0,1.0,1.0,0.5,1.0,1.0,1.0,1.0,1.0,1.0,1.0,1.0,1.0,81.3,20,5,True,1.0,1.0,bridge,2,f1_score,1.0,1.0,0.0,1.0,,,,,"{""low"": [], ""high"": []}",2001,2001
q_854,What religion is the composer for India's first science fiction film series?,completed,0.3333,0.0,1.0,1.0,1.0,1.0,0.0,0.5,0.5,1.0,1.0,0.0,0.3066,0.3066,0.525,0.525,95.7,20,5,True,0.5,1.0,bridge,2,f1_score,0.0,0.0,0.0,0.2,,,,,"{""low"": [], ""high"": []}",Hindi,Hindu
q_4865,Which battle took place first out of the Battle of the Ch'ongch'on River and the Battle of Tarawa?,completed,1.0,1.0,1.0,1.0,1.0,1.0,0.5,1.0,1.0,1.0,1.0,1.0,1.0,1.0,1.0,1.0,73.0,20,5,True,1.0,1.0,comparison,2,accuracy,0.0,0.0,0.4,1.0,,,,,"{""low"": [], ""high"": []}",The Battle of Tarawa,Tarawa
q_102,What year was the brother of this first round draft pick by the Washington Redskins drafted?,completed,1.0,1.0,1.0,1.0,1.0,1.0,0.5,0.5,0.5,1.0,1.0,1.0,0.6131,0.6131,0.8175,0.8175,79.9,20,5,True,1.0,1.0,bridge,2,f1_score,1.0,1.0,0.0,1.0,,,,,"{""low"": [], ""high"": []}",2003,2003
q_3235,Which them park is host to both the Back to the Future Rid and The Simpsons Ride?,completed,1.0,1.0,1.0,1.0,1.0,1.0,0.5,1.0,1.0,1.0,1.0,1.0,1.0,1.0,1.0,1.0,66.2,20,5,True,1.0,1.0,bridge,2,f1_score,1.0,1.0,0.0,1.0,,,,,"{""low"": [], ""high"": []}",Universal Studios Florida,Universal Studios Florida
q_5498,"When was the band who composited ""Discipline"" formed?",completed,1.0,1.0,1.0,1.0,1.0,1.0,0.5,1.0,1.0,1.0,1.0,1.0,0.9197,0.9197,0.9197,0.9197,59.1,20,5,True,0.5,1.0,bridge,2,f1_score,0.0,0.0,0.0,0.0,,,,,"{""low"": [], ""high"": []}",1968,unknown
q_1666,Did the Sandy and Beaver Canal remain operational until a later date than the Los Angeles Aqueduct?,completed,0.0526,0.0,0.0,0.0,0.0,1.0,0.0,0.0,0.0,0.0,1.0,0.0,0.0,0.0,0.0,0.2815,74.2,20,5,True,1.0,1.0,comparison,2,accuracy,1.0,1.0,1.0,0.2,4,20,4,4,"{""low"": [""Sandy and Beaver Canal"", ""Los Angeles Aqueduct""], ""high"": [""operational lifespan"", ""historical comparison""]}",no,no
q_4240,Who directed the 1940 film in which John Arledge appeared?,completed,1.0,1.0,1.0,1.0,1.0,1.0,0.5,0.5,0.5,1.0,1.0,1.0,0.6131,0.6131,0.8066,0.8066,76.3,20,5,True,1.0,1.0,bridge,2,f1_score,1.0,1.0,0.0,1.0,,,,,"{""low"": [], ""high"": []}",John Ford,John Ford
q_4787,Are Mirpur University of Science and Technology and University of Debrecen both Universities located outside of the United States?,completed,1.0,1.0,1.0,1.0,1.0,1.0,0.5,1.0,1.0,1.0,1.0,1.0,1.0,1.0,1.0,1.0,141.8,20,5,True,1.0,1.0,comparison,2,accuracy,1.0,1.0,1.0,0.2,,,,,"{""low"": [], ""high"": []}",yes,yes
q_3042,"which American actress, singer, and songwriter too the tour of  I Stand tour ",completed,1.0,1.0,1.0,1.0,1.0,1.0,0.5,0.5,1.0,1.0,1.0,1.0,0.6131,0.8772,0.8772,0.8772,118.6,20,5,True,1.0,1.0,bridge,2,f1_score,0.8,0.0,0.0,1.0,,,,,"{""low"": [], ""high"": []}",Idina Kim Menzel,Idina Menzel
q_3620,Grounded Vindaloop is an episode from an animated television series that had this many episodes in its eighteenth season?,completed,1.0,1.0,1.0,1.0,1.0,1.0,0.5,1.0,1.0,1.0,1.0,1.0,1.0,1.0,1.0,1.0,114.2,20,5,True,1.0,1.0,bridge,2,f1_score,0.0,0.0,0.0,0.5,,,,,"{""low"": [], ""high"": []}",ten episodes,10
q_1611,How many consecutive years had the Serie A been comprised of 18 teams when Hernan Crespo got injured?,completed,1.0,1.0,1.0,1.0,1.0,1.0,0.5,0.5,1.0,1.0,1.0,1.0,0.6131,0.8772,0.8772,0.8772,92.0,20,5,True,1.0,1.0,bridge,2,f1_score,0.0,0.0,0.0,1.0,,,,,"{""low"": [], ""high"": []}",15th consecutive,15
q_4233,What British made dance competition television series franchise did Claudia Albertario appear on?,completed,1.0,1.0,1.0,1.0,1.0,1.0,0.5,1.0,1.0,1.0,1.0,1.0,0.9197,0.9197,0.9197,0.9197,57.1,20,5,True,1.0,1.0,bridge,2,f1_score,0.6667,0.0,0.0,1.0,,,,,"{""low"": [], ""high"": []}","""Dancing on Ice"" around the world",Dancing on Ice
q_5948,How many Grammy awards were won by an album named after the Joni Mitchell song from Love Actually?,completed,1.0,1.0,1.0,1.0,1.0,1.0,0.5,1.0,1.0,1.0,1.0,1.0,1.0,1.0,1.0,1.0,89.5,20,5,True,1.0,1.0,bridge,2,f1_score,0.0,0.0,0.0,0.2,,,,,"{""low"": [], ""high"": []}",two Grammy awards,2
q_1011,"What award does Crystal Palace F.C. present, first won by John McCormick and most recently by Wilfried Zaha?",completed,1.0,1.0,1.0,1.0,1.0,1.0,0.5,1.0,1.0,1.0,1.0,1.0,1.0,1.0,1.0,1.0,96.2,20,5,True,1.0,1.0,bridge,2,f1_score,1.0,1.0,0.0,1.0,,,,,"{""low"": [], ""high"": []}",Player of the Year,Player of the Year
q_754,"Which was published more frequently, Popular Science or Girlfriends?",completed,0.0526,0.0,0.0,0.0,0.0,1.0,0.0,0.0,0.0,0.0,1.0,0.0,0.0,0.0,0.0,0.2815,73.3,20,5,True,1.0,1.0,comparison,2,accuracy,1.0,1.0,1.0,1.0,11,20,8,8,"{""low"": [""Popular Science"", ""Girlfriends""], ""high"": [""publication frequency"", ""magazine comparison""]}",Girlfriends,Girlfriends
q_592,"In what year did the actor who starred in the TV Land original series ""The Soul Man"" host the Black Movie Awards?",completed,1.0,1.0,1.0,1.0,1.0,1.0,0.5,1.0,1.0,1.0,1.0,1.0,1.0,1.0,1.0,1.0,76.1,20,5,True,1.0,1.0,bridge,2,f1_score,1.0,1.0,0.0,1.0,,,,,"{""low"": [], ""high"": []}",2005,2005
q_5683,The Robey-Peters Gun-Carrier was built at a commuter village with at population of what at the 2001 census?,completed,1.0,1.0,1.0,1.0,1.0,1.0,0.5,0.5,0.5,0.5,1.0,1.0,0.6131,0.6131,0.6131,0.7842,83.2,20,5,True,1.0,1.0,bridge,2,f1_score,1.0,1.0,0.0,1.0,,,,,"{""low"": [], ""high"": []}","4,530",4530
q_3681,"This American is best known for his work on such Disney animated films as ""Beauty and the Beast"" and a 1996 American animated musical drama film whose plot centers on who?",completed,1.0,1.0,1.0,1.0,1.0,1.0,0.5,1.0,1.0,1.0,1.0,1.0,1.0,1.0,1.0,1.0,85.8,20,5,True,1.0,1.0,bridge,2,f1_score,1.0,1.0,0.0,1.0,,,,,"{""low"": [], ""high"": []}",Quasimodo,Quasimodo
q_2703,In what part of England is John Folwes' country house located?,completed,0.5,0.0,1.0,1.0,1.0,1.0,0.0,0.5,0.5,0.5,1.0,0.0,0.3869,0.3869,0.3869,0.5312,74.9,20,5,True,0.5,1.0,bridge,2,f1_score,0.75,0.0,0.0,1.0,,,,,"{""low"": [], ""high"": []}","West Dorset, South West England.",South West England
q_1419,Richard Münch portrayed the German general who served in what capacity during WWII in the 1970 movie Patton?,completed,1.0,1.0,1.0,1.0,1.0,1.0,0.5,1.0,1.0,1.0,1.0,1.0,1.0,1.0,1.0,1.0,69.1,20,5,True,1.0,1.0,bridge,2,f1_score,0.0,0.0,0.0,1.0,,,,,"{""low"": [], ""high"": []}",Oberkommando der Wehrmacht,Chief of the Operations Staff
q_7382,Which style is the building located on the East Side of Midtown Manhattan that Robert Von Ancken appraised? ,completed,1.0,1.0,1.0,1.0,1.0,1.0,0.5,1.0,1.0,1.0,1.0,1.0,1.0,1.0,1.0,1.0,72.0,20,5,True,1.0,1.0,bridge,2,f1_score,0.6667,0.0,0.0,1.0,,,,,"{""low"": [], ""high"": []}",Art Deco-style skyscraper,Art Deco
q_626,What is the are of the university at which Dick Biddle served as head football coach?,completed,1.0,1.0,1.0,1.0,1.0,1.0,0.5,0.5,0.5,0.5,0.5,1.0,0.6131,0.6131,0.6131,0.6131,93.1,20,5,True,0.5,1.0,bridge,2,f1_score,0.0,0.0,0.0,1.0,,,,,"{""low"": [], ""high"": []}",575 acres (2.08 km²),Colgate
q_2806,The Chinese actress also known as Crystal Liu stars in Night Peacock with which three other actresses?,completed,1.0,1.0,1.0,1.0,1.0,1.0,0.5,1.0,1.0,1.0,1.0,1.0,1.0,1.0,1.0,1.0,76.4,20,5,True,1.0,1.0,bridge,2,f1_score,0.9231,0.0,0.0,1.0,,,,,"{""low"": [], ""high"": []}","Liu Ye, Yu Shaoqun and Leon Lai","Liu Ye, Yu Shaoqun, Leon Lai"
q_4502,Which City in the Miami metropolitan area is home to the Primetime Race Group?,completed,0.05,0.0,0.0,0.0,0.0,1.0,0.0,0.0,0.0,0.0,0.5,0.0,0.0,0.0,0.0,0.1396,88.6,20,5,True,0.5,1.0,bridge,2,f1_score,0.6667,0.0,0.0,1.0,20,20,20,20,"{""low"": [""Miami metropolitan area"", ""Primetime Race Group""], ""high"": [""geographic location"", ""organizational affiliation""]}","Hollywood, Florida",Hollywood
q_41,Where is the company that Sachin Warrier worked for as a software engineer headquartered? ,completed,1.0,1.0,1.0,1.0,1.0,1.0,0.5,1.0,1.0,1.0,1.0,1.0,1.0,1.0,1.0,1.0,125.5,20,5,True,1.0,1.0,bridge,2,f1_score,0.6667,0.0,0.0,1.0,,,,,"{""low"": [], ""high"": []}",Mumbai,"Mumbai, Maharashtra"
q_6937,What was the name of a land where Maria Anna of Spain's husband was king?,completed,1.0,1.0,1.0,1.0,1.0,1.0,0.5,0.5,0.5,0.5,0.5,1.0,0.6131,0.6131,0.6131,0.6131,58.3,20,5,True,0.5,1.0,bridge,2,f1_score,1.0,1.0,0.0,1.0,,,,,"{""low"": [], ""high"": []}",Hungary,Hungary
q_2778,Who was the team president of the 2012 Cleveland Browns?,completed,1.0,1.0,1.0,1.0,1.0,1.0,0.5,1.0,1.0,1.0,1.0,1.0,0.9197,0.9197,0.9197,0.9197,83.7,20,5,True,1.0,1.0,bridge,2,f1_score,1.0,1.0,0.0,1.0,,,,,"{""low"": [], ""high"": []}",Mike Holmgren,Mike Holmgren
q_4589,Who directed the 2014 American biographical survival drama film which Laura Elizabeth Dern was nominated for the Academy Award for Best Supporting Actress in,completed,1.0,1.0,1.0,1.0,1.0,1.0,0.5,1.0,1.0,1.0,1.0,1.0,1.0,1.0,1.0,1.0,92.8,20,5,True,1.0,1.0,bridge,2,f1_score,0.4,0.0,0.0,1.0,,,,,"{""low"": [], ""high"": []}",Jean-Marc Vallée,Jean‑Marc Vallée
q_2724,The Very Best of Ugly Kid Joe: As Ugly as It Gets includes a cover of which Black Sabbath song from their 1970 debut?,completed,1.0,1.0,1.0,1.0,1.0,1.0,0.5,0.5,1.0,1.0,1.0,1.0,0.6131,0.8772,0.8772,0.8772,91.0,20,5,True,1.0,1.0,bridge,2,f1_score,1.0,1.0,0.0,1.0,,,,,"{""low"": [], ""high"": []}",N.I.B.,N.I.B.
q_5148,"which German philosopher wrote ""The opera ""Lulu""  ",completed,1.0,1.0,1.0,1.0,1.0,1.0,0.5,0.5,1.0,1.0,1.0,1.0,0.6131,0.8772,0.8772,0.8772,65.2,20,5,True,1.0,1.0,bridge,2,f1_score,0.5,0.0,0.0,1.0,,,,,"{""low"": [], ""high"": []}",Theodor W. Adorno,Adorno
q_4438,Are Toshi and Warrel Dane both in the band Sanctuary?,completed,1.0,1.0,1.0,1.0,1.0,1.0,0.5,1.0,1.0,1.0,1.0,1.0,0.9197,0.9197,0.9197,0.9197,77.3,20,5,True,1.0,1.0,comparison,2,accuracy,1.0,1.0,1.0,1.0,,,,,"{""low"": [], ""high"": []}",no,no
q_5597,Dr. Saleha Mahmood Abedin's daughter was born in what year ?,completed,1.0,1.0,1.0,1.0,1.0,1.0,0.5,1.0,1.0,1.0,1.0,1.0,1.0,1.0,1.0,1.0,103.3,20,5,True,1.0,1.0,bridge,2,f1_score,1.0,1.0,0.0,1.0,,,,,"{""low"": [], ""high"": []}",1976,1976
q_4851,What is the nationality of this company that services MS Moby Dada?,completed,1.0,1.0,1.0,1.0,1.0,1.0,0.5,0.5,0.5,1.0,1.0,1.0,0.6131,0.6131,0.8316,0.8316,102.1,20,5,True,1.0,1.0,bridge,2,f1_score,1.0,1.0,0.0,1.0,,,,,"{""low"": [], ""high"": []}",Danish,Danish
q_6672,"Brandy was handpicked by a producer that herself had been recognized by the ""Guinness World Records"" for what?",completed,1.0,1.0,1.0,1.0,1.0,1.0,0.5,1.0,1.0,1.0,1.0,1.0,1.0,1.0,1.0,1.0,94.7,20,5,True,1.0,1.0,bridge,2,f1_score,0.7692,0.0,0.0,1.0,,,,,"{""low"": [], ""high"": []}",most awarded female act of all-time,most awarded female act of all‑time
q_1654,"Which minor role did this New Zealand storyboard artist play in the film ""King Kong"" who will direct the film based on the novel by Philip Reeve?",completed,1.0,1.0,1.0,1.0,1.0,1.0,0.5,1.0,1.0,1.0,1.0,1.0,1.0,1.0,1.0,1.0,109.6,20,5,True,1.0,1.0,bridge,2,f1_score,0.4,0.0,0.0,1.0,,,,,"{""low"": [], ""high"": []}",Gondorian soldier,Soldier in Truck
q_3696,What year did the director of The Quiet American die?,completed,0.5,0.0,1.0,1.0,1.0,1.0,0.0,0.5,0.5,0.5,1.0,0.0,0.3869,0.3869,0.3869,0.5264,49.3,20,5,True,1.0,1.0,bridge,2,f1_score,1.0,1.0,0.0,1.0,,,,,"{""low"": [], ""high"": []}",1993,1993
q_797,Blue Dwarf is what type of online text-based role-playing game?,completed,1.0,1.0,1.0,1.0,1.0,1.0,0.5,1.0,1.0,1.0,1.0,1.0,0.9197,0.9197,0.9197,0.9197,57.9,20,5,True,1.0,1.0,bridge,2,f1_score,0.6667,0.0,0.0,1.0,,,,,"{""low"": [], ""high"": []}",play-by-post role-playing game,play-by-post
q_4993,Who was the boyfriend of Thelma Lou in the series with Jim Nabors?,completed,0.3333,0.0,1.0,1.0,1.0,1.0,0.0,0.5,1.0,1.0,1.0,0.0,0.3066,0.5706,0.5706,0.5706,82.1,20,5,True,1.0,1.0,bridge,2,f1_score,1.0,1.0,0.0,1.0,,,,,"{""low"": [], ""high"": []}",Barney Fife,Barney Fife
q_1260,What was the sequel of the game that e was published by U.S. Gold in 1992?,completed,0.5,0.0,1.0,1.0,1.0,1.0,0.0,0.5,1.0,1.0,1.0,0.0,0.3869,0.6509,0.6509,0.6509,82.8,20,5,True,1.0,1.0,bridge,2,f1_score,1.0,1.0,0.0,1.0,,,,,"{""low"": [], ""high"": []}",Fade to Black,Fade to Black
q_1865,Private Music signed the drummer who was part of which English group?,completed,1.0,1.0,1.0,1.0,1.0,1.0,0.5,0.5,0.5,1.0,1.0,1.0,0.6131,0.6131,0.7977,0.7977,83.4,20,5,True,1.0,1.0,bridge,2,f1_score,0.6667,0.0,0.0,1.0,,,,,"{""low"": [], ""high"": []}",Beatles,The Beatles
q_2907,"When was the American singer, songwriter, actress and LGBT rights activist born who won Grammy and Emmy award?",completed,1.0,1.0,1.0,1.0,1.0,1.0,0.5,0.5,0.5,0.5,1.0,1.0,0.6131,0.6131,0.6131,0.7602,109.4,20,5,True,1.0,1.0,bridge,2,f1_score,1.0,1.0,0.0,1.0,,,,,"{""low"": [], ""high"": []}","June 22, 1953","June 22, 1953"
q_3859,What position did the winner of the MVP in Pool C of the 2017 WBC play?,completed,1.0,1.0,1.0,1.0,1.0,1.0,0.5,0.5,0.5,0.5,1.0,1.0,0.6131,0.6131,0.6131,0.7575,77.9,20,5,True,1.0,1.0,bridge,2,f1_score,1.0,1.0,0.0,1.0,,,,,"{""low"": [], ""high"": []}",third baseman,third baseman
q_3222,Kadeem Jack is a player in a league that started with how many teams?,completed,1.0,1.0,1.0,1.0,1.0,1.0,0.5,1.0,1.0,1.0,1.0,1.0,1.0,1.0,1.0,1.0,76.7,20,5,True,1.0,1.0,bridge,2,f1_score,0.0,0.0,0.0,0.2,,,,,"{""low"": [], ""high"": []}",eight,8
q_2022,Suzanne Simone Baptiste Louverture is the wife of the leader of which revolution?,completed,0.0526,0.0,0.0,0.0,0.0,1.0,0.0,0.0,0.0,0.0,0.5,0.0,0.0,0.0,0.0,0.1419,79.7,20,5,True,0.5,1.0,bridge,2,f1_score,0.8,0.0,0.0,1.0,1,20,1,1,"{""low"": [""Suzanne Simone Baptiste Louverture""], ""high"": [""revolution"", ""marriage""]}",the Haitian Revolution,Haitian Revolution
q_350,"when was the album that includes the song by Dustin Lynch released to country radio on February 17, 2017?",completed,1.0,1.0,1.0,1.0,1.0,1.0,0.5,1.0,1.0,1.0,1.0,1.0,1.0,1.0,1.0,1.0,74.2,20,5,True,1.0,1.0,bridge,2,f1_score,0.3333,0.0,0.0,1.0,,,,,"{""low"": [], ""high"": []}","September 8, 2017","February 17, 2017"
